index,grant_sc_latency,revoke_sc_latency
0,581.5238,583.5229
1,879.822,873.2814
2,879.8431,873.2999
3,879.9992,873.4487
4,880.193,873.6168
5,880.3301,873.704
6,880.4369,873.7324
7,880.5607,873.7826
8,880.7133,873.8483
9,880.7822,873.9131
10,880.8197,873.9909
11,666.9087,660.8643
12,666.8978,660.833
13,666.937,660.884
14,666.9772,660.943
15,667.0802,661.0577
16,667.1181,661.1171
17,667.161,661.1754
18,667.2028,661.2241
19,667.2411,661.2633
20,667.2827,661.3282
21,897.2261,804.3883
22,897.3918,804.5417
23,897.4998,804.6925
24,897.5811,804.8425
25,897.6406,804.9897
26,897.6886,805.0768
27,897.7842,805.224
28,897.8983,805.3703
29,898.0097,805.5093
30,898.1362,805.6654
31,697.2415,804.306
32,697.3227,804.3955
33,697.4103,804.475
34,697.4957,804.5354
35,697.6093,804.5952
36,697.7467,804.6616
37,697.8095,804.7219
38,697.9025,804.7871
39,697.995,804.8457
40,698.0707,804.9199
41,606.6959,556.3597
42,606.8492,556.3729
43,606.9645,556.4238
44,607.074,556.4825
45,607.242,556.5373
46,607.385,556.6017
47,607.4678,556.6832
48,607.5613,556.7703
49,607.6498,556.8527
