04b7bd59-9533-4f0f-b63b-00dba920782b,3a3a43e3-5c40-4aee-98a1-23297badbd76,15
0a389af7-82a2-4402-9f0a-3fc8c0a7eece,ec8a528a-d870-4c7e-a6ed-6250047aab53,8
0aa90428-0b4a-4920-8c1b-3e46b9eb8675,67f4230b-871a-4204-81f7-a7ca5685f417,14
0cebb1a5-0c97-4cea-9178-f3ce89eae418,e0922193-e23d-409c-bcb0-e72820ed4773,11
268d0577-ac3f-416e-bf02-1ff2625d2eef,e0922193-e23d-409c-bcb0-e72820ed4773,10
2f52a0a9-3363-4660-8c0e-9183f885674e,ec8a528a-d870-4c7e-a6ed-6250047aab53,7
3b1c7211-cc85-4e68-ae58-83ec507c1aea,e0922193-e23d-409c-bcb0-e72820ed4773,12
3e735ae9-7353-4b90-b4c6-617b31963850,7e8afdea-f328-491c-abb7-47e8bdcbf9b3,20
44f18b77-af7d-4220-8f6c-43110889edae,fa91265f-9d63-4d8a-9975-a0f6de059ae4,14
46d1154f-7372-4353-86f4-68a191e0d5c6,eea4071b-1052-47da-8ef1-37bc30bce330,14
519ce439-5ede-4741-b18a-51ef834bd268,51ddfd30-d8e3-4df7-905e-07065f2bd440,1
5a4743dd-a170-4d6f-8839-f0d6775da16d,e0922193-e23d-409c-bcb0-e72820ed4773,1
5f37e142-e051-4773-a22e-76f278518ecf,51ddfd30-d8e3-4df7-905e-07065f2bd440,18
6d7bb694-a9ab-4a90-b1c1-2f1113fc6778,7e8afdea-f328-491c-abb7-47e8bdcbf9b3,5
8cab065e-082a-4178-940b-4de8a8f0a95b,ec8a528a-d870-4c7e-a6ed-6250047aab53,20
99811c30-62cb-405a-a5d8-2b791d44c69d,3a3a43e3-5c40-4aee-98a1-23297badbd76,10
9dc7f491-358b-42fa-a186-e7bfe7956d57,67f4230b-871a-4204-81f7-a7ca5685f417,2
9f301dbe-d73d-4de7-9d79-3a0b8909e09c,51ddfd30-d8e3-4df7-905e-07065f2bd440,2
c0dfbecf-43bb-47a6-9bdc-1942e6789e15,7e8afdea-f328-491c-abb7-47e8bdcbf9b3,16
c197c30d-f195-4890-8028-b5f7af400d27,67f4230b-871a-4204-81f7-a7ca5685f417,3
d3174773-ee35-498b-aafe-2de0fc88f9fa,3dcd7a4a-7dc0-4ea8-9b42-f602f855ecc3,8
d36e4214-da83-47ba-910a-d24c35fa8ef2,ec8a528a-d870-4c7e-a6ed-6250047aab53,3
d78ff440-791a-4789-a1c3-0ee912186d96,fa91265f-9d63-4d8a-9975-a0f6de059ae4,11
ee50159b-af5d-4df5-94a5-1db9b9704132,7e8afdea-f328-491c-abb7-47e8bdcbf9b3,13
f0152237-5b26-4fca-9fa7-281a6852d4e4,7e8afdea-f328-491c-abb7-47e8bdcbf9b3,3
f01e504e-7715-44a7-a6df-f32f8dda8af3,67f4230b-871a-4204-81f7-a7ca5685f417,1
f2f5c431-aaaf-44cb-8b2c-221f6ee53f37,ec8a528a-d870-4c7e-a6ed-6250047aab53,10
