04e80da8-22f5-4dbe-bbfc-b5e2b39d24f4,7e8afdea-f328-491c-abb7-47e8bdcbf9b3,1
20522656-53a6-4600-9ab0-25de486acdaa,3a3a43e3-5c40-4aee-98a1-23297badbd76,30
289c7c1f-b8c1-43b9-87ca-d0605afdabf0,3a3a43e3-5c40-4aee-98a1-23297badbd76,6
2ba8aa47-db1a-4880-9501-0711edcfea70,7e8afdea-f328-491c-abb7-47e8bdcbf9b3,22
4356e7d8-3a3f-4527-b1a3-e4134caf3a08,7e8afdea-f328-491c-abb7-47e8bdcbf9b3,33
4e95ca84-75a6-4355-ad1d-796ee6a3c430,3dcd7a4a-7dc0-4ea8-9b42-f602f855ecc3,12
644a53d6-23ab-4700-ab72-df9a14a60df1,51ddfd30-d8e3-4df7-905e-07065f2bd440,1
6e341a9d-f293-4840-a229-72c0f6d5112a,e0922193-e23d-409c-bcb0-e72820ed4773,9
7dea436b-7aae-49f7-984e-94a3bc9c96e1,67f4230b-871a-4204-81f7-a7ca5685f417,10
8929999a-f180-4e0b-ac83-ae2bb8e09de9,3dcd7a4a-7dc0-4ea8-9b42-f602f855ecc3,4
8ee65fe2-f10d-49aa-96e7-46bfeb105bfd,3a3a43e3-5c40-4aee-98a1-23297badbd76,15
afaa0464-7d7b-42ad-baa7-afdba99aff93,ec8a528a-d870-4c7e-a6ed-6250047aab53,19
ca19b29e-e50f-45c5-9b4e-32deef697456,eea4071b-1052-47da-8ef1-37bc30bce330,2
ca6bf302-bc0f-4f3c-92ab-e4a5d52221fb,ec8a528a-d870-4c7e-a6ed-6250047aab53,18
d2ff382b-a807-4db4-9f81-fde827fe5505,e0922193-e23d-409c-bcb0-e72820ed4773,21
d6f0df14-ffb8-40e9-b937-7c71879a9881,eea4071b-1052-47da-8ef1-37bc30bce330,17
e1c08705-4cdd-4a1e-9f42-981da013ffe7,e0922193-e23d-409c-bcb0-e72820ed4773,41
e8b9bffb-ff51-47c4-8ea8-3c86837bd523,fa91265f-9d63-4d8a-9975-a0f6de059ae4,7
