0015d015-2eaf-4889-b3a1-34078d648ee0,Rehabilitation follow-up,2025-12-04 11:17:02.000000,Patient shows progress in physical rehabilitation.,2025-10-09 14:10:00.000000,2025-10-09 15:10:00.000000,7e8afdea-f328-491c-abb7-47e8bdcbf9b3,e404d1d1-9231-4327-a1a0-11669ba8573e,33,2025-08-25 22:01:49.000000,2025-08-15 13:41:39.000000
020cf3cb-2bcb-4eab-8daa-8147362cba1f,Evaluation of persistent headaches,2025-12-04 16:03:31.000000,Patient complained of mild headaches. Advised hydration and follow-up.,2025-08-19 15:22:35.000000,2025-08-19 16:22:35.000000,3dcd7a4a-7dc0-4ea8-9b42-f602f855ecc3,4da4c5b2-c60c-47e5-92ae-9672bdfa2e09,12,2025-07-01 04:16:30.000000,2025-06-25 05:00:24.000000
0266179f-7e8a-476b-9b30-1e1d013e702a,Palpitations evaluation,2025-12-02 12:49:22.000000,Throat discomfort; exam unremarkable.,2025-11-03 16:15:13.000000,2025-11-03 17:15:13.000000,eea4071b-1052-47da-8ef1-37bc30bce330,6981e319-fa39-487d-8911-305733591fce,17,2025-08-19 22:14:18.000000,2025-08-21 10:51:33.000000
0463f7df-7ecd-4270-8f30-ba1cc680251b,Cold and flu symptoms,2025-12-04 15:03:08.000000,Symptoms of seasonal cold; supportive care recommended.,2025-09-01 09:39:19.000000,2025-09-01 10:39:19.000000,3dcd7a4a-7dc0-4ea8-9b42-f602f855ecc3,534d0e43-d2da-49ff-a0ba-0b779645aa5a,4,2025-06-22 17:42:36.000000,2025-06-18 05:29:47.000000
05c54f74-ebff-4120-b203-e5eb191de50b,Persistent fatigue evaluation,2025-11-30 12:46:05.000000,Persistent fatigue; recommended additional labs.,2025-06-26 14:22:01.000000,2025-06-26 16:22:01.000000,3a3a43e3-5c40-4aee-98a1-23297badbd76,81917ef3-f601-4d3d-b95f-e3acd11e086f,30,2025-06-27 06:40:29.000000,2025-06-23 12:11:34.000000
06b4c3bc-6724-49b6-bc32-94bc1a47a481,Annual physical check-up,2025-12-14 00:00:00.000000,Patient reports mild headache over the past week. Blood pressure slightly elevated. Recommended follow-up in one month.,2025-11-14 09:00:00.000000,2025-11-14 10:00:00.000000,51ddfd30-d8e3-4df7-905e-07065f2bd440,dcf5afba-0960-449f-b967-9972af646ce2,1,2025-11-14 00:00:00.000000,2025-11-14 00:00:00.000000
07827cf0-06f5-411d-bd99-190fed4b421d,Cholesterol management follow-up,2025-11-30 08:46:39.000000,Discussed diet modifications for cholesterol management.,2025-07-14 13:18:36.000000,2025-07-14 14:18:36.000000,3dcd7a4a-7dc0-4ea8-9b42-f602f855ecc3,8382e45c-6e9c-432a-87d5-2b969a12b850,4,2025-05-28 15:42:32.000000,2025-05-20 03:49:01.000000
09a34ab7-3b07-411f-a441-8656865e2075,Routine wellness visit,2025-12-03 09:28:21.000000,No significant findings on exam.,2025-06-23 10:41:39.000000,2025-06-23 11:41:39.000000,7e8afdea-f328-491c-abb7-47e8bdcbf9b3,0855baa8-91fc-46ac-aebc-f8e8bf932f13,1,2025-04-17 10:28:06.000000,2025-06-02 15:40:55.000000
0b2a7c7a-0746-4a02-b95b-94e964d81b68,Medication tolerance assessment,2025-12-02 10:42:44.000000,Follow-up for chronic condition; patient improving.,2025-10-23 14:20:26.000000,2025-10-23 16:20:26.000000,eea4071b-1052-47da-8ef1-37bc30bce330,4da4c5b2-c60c-47e5-92ae-9672bdfa2e09,17,2025-06-16 10:15:52.000000,2025-10-09 12:58:24.000000
0b7f471b-565e-4cec-8d64-01796676c748,General physical examination,2025-11-28 15:44:03.000000,Physical exam normal. No acute issues.,2025-11-07 15:32:31.000000,2025-11-07 17:32:31.000000,3dcd7a4a-7dc0-4ea8-9b42-f602f855ecc3,534d0e43-d2da-49ff-a0ba-0b779645aa5a,4,2025-10-18 08:34:50.000000,2025-10-09 03:11:21.000000
0b9b2afc-fc85-4881-bef7-d374cbc2ce7f,Viral infection evaluation,2025-11-30 14:48:39.000000,Symptoms of mild viral infection; rest encouraged.,2025-08-18 11:06:58.000000,2025-08-18 13:06:58.000000,3a3a43e3-5c40-4aee-98a1-23297badbd76,534d0e43-d2da-49ff-a0ba-0b779645aa5a,15,2025-06-09 04:38:11.000000,2025-06-04 01:51:32.000000
0f04ea16-d978-4cc5-be25-1aec922c867f,Nausea and digestive issue evaluation,2025-12-03 10:45:31.000000,Mild nausea reported; dietary adjustments suggested.,2025-11-10 11:52:42.000000,2025-11-10 12:52:42.000000,fa91265f-9d63-4d8a-9975-a0f6de059ae4,55e19c5e-8530-43be-af69-bd498169ff2e,7,2025-08-29 15:41:11.000000,2025-08-29 02:01:16.000000
0f7bb473-0b09-444f-98f6-3657d899c93d,Diet and nutrition consultation,2025-12-04 11:59:31.000000,Wound healing well with no signs of infection.,2025-09-06 15:52:30.000000,2025-09-06 17:52:30.000000,eea4071b-1052-47da-8ef1-37bc30bce330,2b1cd1b1-6630-42d5-b331-41502c753d81,17,2025-09-28 15:32:40.000000,2025-07-06 03:24:32.000000
11d2e79b-b0ac-4e1b-98ba-118beb28bdde,Vital signs monitoring visit,2025-12-03 09:51:33.000000,Routine follow-up; vital signs stable.,2025-10-11 16:40:38.000000,2025-10-11 18:40:38.000000,fa91265f-9d63-4d8a-9975-a0f6de059ae4,5c241ffb-6c82-490c-be3c-b55eaf5272ea,7,2025-09-26 14:29:43.000000,2025-09-22 05:56:49.000000
12554ee7-fad9-47eb-9629-e35855363ec3,Back pain improvement follow-up,2025-12-03 13:03:55.000000,Mild sore throat; supportive treatment.,2025-10-29 10:32:14.000000,2025-10-29 11:32:14.000000,e0922193-e23d-409c-bcb0-e72820ed4773,2b1cd1b1-6630-42d5-b331-41502c753d81,21,2025-08-06 12:17:05.000000,2025-08-30 23:51:32.000000
13f3384a-dd49-4b2b-aba5-26734f40e261,Asthma symptom evaluation,2025-12-02 14:58:51.000000,Abdominal tenderness resolved.,2025-10-11 09:48:23.000000,2025-10-11 11:48:23.000000,e0922193-e23d-409c-bcb0-e72820ed4773,534d0e43-d2da-49ff-a0ba-0b779645aa5a,41,2025-07-07 09:17:54.000000,2025-07-12 16:58:01.000000
15f98895-5ee1-49c0-a71d-1edee50aa5fa,Chest tightness evaluation,2025-11-30 14:31:57.000000,Routine monitoring visit; stable.,2025-06-19 11:20:14.000000,2025-06-19 12:20:14.000000,eea4071b-1052-47da-8ef1-37bc30bce330,81917ef3-f601-4d3d-b95f-e3acd11e086f,2,2025-06-26 06:39:47.000000,2025-03-28 19:52:18.000000
1789f20c-f5c5-4b21-8a0f-2b1785136579,Minor injury recovery check,2025-12-03 10:59:27.000000,Medication refill provided; no concerns.,2025-09-03 13:12:35.000000,2025-09-03 14:12:35.000000,e0922193-e23d-409c-bcb0-e72820ed4773,c477e098-eb1b-4183-951d-78d8140ebb25,41,2025-08-10 19:41:13.000000,2025-07-03 02:20:36.000000
18e81bd9-af2a-4971-b510-1406e73a1765,Fatigue assessment,2025-12-04 10:03:22.000000,Patient reports mild fatigue. Ordered basic labs.,2025-07-24 13:14:16.000000,2025-07-24 14:14:16.000000,7e8afdea-f328-491c-abb7-47e8bdcbf9b3,b4b425bf-5839-4f52-80f2-045d2fa697df,33,2025-07-17 10:48:21.000000,2025-07-14 23:04:14.000000
1e6f4e6e-1c80-48cd-ae6b-c9d62a4533b7,Routine monitoring visit,2025-11-28 13:58:04.000000,Patient notes occasional palpitations; ECG recommended.,2025-08-30 14:47:57.000000,2025-08-30 16:47:57.000000,eea4071b-1052-47da-8ef1-37bc30bce330,5c241ffb-6c82-490c-be3c-b55eaf5272ea,17,2025-09-27 11:28:35.000000,2025-07-25 11:18:08.000000
1f1db642-d60e-48c3-a6a0-fd0721b52e53,Weight management consultation,2025-12-03 10:34:18.000000,Discussed lifestyle changes for weight management.,2025-06-27 16:48:09.000000,2025-06-27 18:48:09.000000,7e8afdea-f328-491c-abb7-47e8bdcbf9b3,8382e45c-6e9c-432a-87d5-2b969a12b850,1,2025-06-08 01:14:52.000000,2025-04-11 23:46:54.000000
1f6c90c5-eba1-4a07-ae1a-43faf8a040e7,Medication dosage adjustment visit,2025-12-02 14:03:23.000000,Adjustment made to medication dosage.,2025-10-25 13:49:55.000000,2025-10-25 15:49:55.000000,7e8afdea-f328-491c-abb7-47e8bdcbf9b3,8253cf03-0780-49f1-8bb4-e92578a017af,33,2025-08-28 01:55:12.000000,2025-08-12 19:54:57.000000
26904ef5-f863-4226-ab27-4454d95738dc,Stress evaluation,2025-12-03 15:28:19.000000,Patient experiencing mild stress; relaxation techniques reviewed.,2025-09-07 08:34:51.000000,2025-09-07 10:34:51.000000,3a3a43e3-5c40-4aee-98a1-23297badbd76,0855baa8-91fc-46ac-aebc-f8e8bf932f13,6,2025-07-18 09:12:46.000000,2025-07-15 06:36:47.000000
28c2211e-4a2f-461a-a408-64c2d08c1ca7,Neck stiffness evaluation,2025-12-02 15:17:22.000000,Neck stiffness noted; stretches recommended.,2025-07-28 15:57:00.000000,2025-07-28 17:57:00.000000,fa91265f-9d63-4d8a-9975-a0f6de059ae4,9cd8e918-54bc-4511-a980-70a6443694d9,7,2025-05-10 10:23:06.000000,2025-05-06 01:25:57.000000
29d6f8f0-d7fe-49fb-be87-04dfb1c82dfb,Mobility improvement follow-up,2025-11-29 08:44:40.000000,Chest tightness reported; further evaluation needed.,2025-07-22 11:37:18.000000,2025-07-22 12:37:18.000000,67f4230b-871a-4204-81f7-a7ca5685f417,d789bc72-a4e7-4483-b99f-1f0e84bae639,10,2025-09-30 09:46:12.000000,2025-06-28 19:22:35.000000
2b15e100-e1d4-4679-bd60-f4eb4cec8f0b,Throat discomfort review,2025-11-30 10:21:14.000000,Discussed healthy eating habits.,2025-10-21 10:31:08.000000,2025-10-21 11:31:08.000000,eea4071b-1052-47da-8ef1-37bc30bce330,6981e319-fa39-487d-8911-305733591fce,2,2025-05-31 15:03:09.000000,2025-10-14 23:27:17.000000
2d71b0c1-ed99-4e0e-a202-4fa60a53dd47,Sleep quality evaluation,2025-12-04 15:41:48.000000,Patient notes improved sleep quality.,2025-10-06 15:33:54.000000,2025-10-06 17:33:54.000000,3dcd7a4a-7dc0-4ea8-9b42-f602f855ecc3,9cd8e918-54bc-4511-a980-70a6443694d9,12,2025-09-16 02:04:25.000000,2025-09-09 11:45:07.000000
2fe7f668-dd1f-407f-948e-bea64c7226e5,Weight management follow-up,2025-11-30 16:08:42.000000,Discussed sleep routine and reducing screen time.,2025-08-02 16:08:38.000000,2025-08-02 18:08:38.000000,eea4071b-1052-47da-8ef1-37bc30bce330,68be4d9b-87f2-4c11-b151-a5f609cdbdd6,2,2025-06-29 22:38:13.000000,2025-07-31 20:44:19.000000
3166568f-ce71-4123-a000-32ac9e0d12c1,Asthma control assessment,2025-12-01 08:41:34.000000,Follow-up for asthma; symptoms controlled.,2025-10-09 11:36:55.000000,2025-10-09 13:36:55.000000,3a3a43e3-5c40-4aee-98a1-23297badbd76,5c241ffb-6c82-490c-be3c-b55eaf5272ea,6,2025-09-30 08:18:05.000000,2025-09-28 07:08:48.000000
3428be0f-cfcc-43c6-9bfe-067eeff42e8b,Skin rash follow-up,2025-11-30 11:39:58.000000,Skin rash improving with treatment.,2025-10-08 10:10:01.000000,2025-10-08 11:10:01.000000,ec8a528a-d870-4c7e-a6ed-6250047aab53,e404d1d1-9231-4327-a1a0-11669ba8573e,18,2025-09-25 09:17:40.000000,2025-09-15 16:59:35.000000
34980dbd-1df8-4fcd-9c45-4f39a904ff3d,Medication side-effect review,2025-12-03 13:01:22.000000,Medication side effects discussed; alternatives considered.,2025-10-19 16:04:19.000000,2025-10-19 17:04:19.000000,3a3a43e3-5c40-4aee-98a1-23297badbd76,cefee4a8-c9c1-4e7f-8a9b-4fec6c53616a,30,2025-07-28 15:21:42.000000,2025-07-23 10:25:52.000000
39e0627e-0775-4491-aa1f-c2aec6ab93c7,Appetite change assessment,2025-11-28 08:35:23.000000,Patient states improved appetite.,2025-10-30 13:12:21.000000,2025-10-30 15:12:21.000000,3a3a43e3-5c40-4aee-98a1-23297badbd76,cea16fd7-9875-4e5e-af53-dcb42dc66b39,15,2025-10-01 12:14:27.000000,2025-09-29 21:39:30.000000
3b35db68-6cb4-43db-a906-30c3d35ef63e,Stability check for chronic medication,2025-11-29 16:24:59.000000,Patient stable; no medication changes needed.,2025-10-04 13:05:57.000000,2025-10-04 14:05:57.000000,fa91265f-9d63-4d8a-9975-a0f6de059ae4,0855baa8-91fc-46ac-aebc-f8e8bf932f13,7,2025-08-24 23:19:01.000000,2025-08-21 15:52:22.000000
3ca1ed04-06d3-452c-860f-6a705a8562f9,Joint pain and stiffness evaluation,2025-12-01 13:18:57.000000,Joint stiffness noted; physical therapy scheduled.,2025-11-06 16:07:13.000000,2025-11-06 17:07:13.000000,3dcd7a4a-7dc0-4ea8-9b42-f602f855ecc3,6981e319-fa39-487d-8911-305733591fce,4,2025-11-02 12:15:08.000000,2025-10-31 00:47:49.000000
3cbe0cc0-4620-4f18-aa52-2f6c2626f6cd,Dizziness and hydration check,2025-11-30 11:23:21.000000,Patient notes occasional dizziness; hydration emphasized.,2025-11-02 11:27:44.000000,2025-11-02 13:27:44.000000,3a3a43e3-5c40-4aee-98a1-23297badbd76,81917ef3-f601-4d3d-b95f-e3acd11e086f,30,2025-09-29 22:17:38.000000,2025-09-23 14:31:53.000000
3d331c89-7232-44fb-a0d2-fcda1593b8b5,Blood glucose monitoring visit,2025-11-29 15:32:08.000000,Blood glucose slightly elevated; close monitoring needed.,2025-10-14 13:17:16.000000,2025-10-14 14:17:16.000000,ec8a528a-d870-4c7e-a6ed-6250047aab53,e34fe9b6-6014-45ed-841e-07e8c592a008,18,2025-09-12 09:22:56.000000,2025-09-08 16:02:28.000000
3f9881e1-ffb1-44c8-8bf3-af51f96f3dfb,Nausea and appetite evaluation,2025-12-02 13:07:52.000000,Fatigue likely related to poor sleep; discussed improvements.,2025-10-05 15:45:26.000000,2025-10-05 17:45:26.000000,67f4230b-871a-4204-81f7-a7ca5685f417,b4b425bf-5839-4f52-80f2-045d2fa697df,10,2025-09-02 21:18:59.000000,2025-08-31 16:07:52.000000
40503bdb-226a-46a0-8a09-994558a8f9ea,Chest discomfort evaluation,2025-12-04 14:15:10.000000,Patient notes intermittent chest discomfort; ECG ordered.,2025-08-26 10:41:44.000000,2025-08-26 11:41:44.000000,fa91265f-9d63-4d8a-9975-a0f6de059ae4,8382e45c-6e9c-432a-87d5-2b969a12b850,7,2025-06-07 20:31:01.000000,2025-06-30 13:24:55.000000
44062f51-7b3e-4364-82f4-a63164bc8741,Blood pressure check,2025-12-02 12:22:37.000000,Blood pressure elevated. Medication adjustment recommended.,2025-09-07 15:20:06.000000,2025-09-07 17:20:06.000000,3dcd7a4a-7dc0-4ea8-9b42-f602f855ecc3,e404d1d1-9231-4327-a1a0-11669ba8573e,4,2025-09-04 11:14:02.000000,2025-08-23 23:05:08.000000
46018818-7d23-4f9d-9b03-d5af05a02fbb,Therapy progress assessment,2025-11-29 09:54:03.000000,Reviewed progress in therapy; patient motivated.,2025-09-10 16:25:48.000000,2025-09-10 17:25:48.000000,ec8a528a-d870-4c7e-a6ed-6250047aab53,55e19c5e-8530-43be-af69-bd498169ff2e,19,2025-06-23 11:44:09.000000,2025-06-21 02:29:30.000000
477875ba-9576-4cae-a893-30e396fa8568,Cardiovascular health consultation,2025-11-29 08:33:37.000000,Discussed exercise plan for cardiovascular health.,2025-11-03 12:13:30.000000,2025-11-03 13:13:30.000000,ec8a528a-d870-4c7e-a6ed-6250047aab53,55e19c5e-8530-43be-af69-bd498169ff2e,18,2025-10-21 03:30:21.000000,2025-10-19 17:20:31.000000
47db3b2e-b34f-405f-a551-a6ad0ac790be,Chronic condition management,2025-12-02 13:21:10.000000,Follow-up for chronic condition; stable overall.,2025-07-06 15:24:58.000000,2025-07-06 16:24:58.000000,3dcd7a4a-7dc0-4ea8-9b42-f602f855ecc3,6981e319-fa39-487d-8911-305733591fce,12,2025-06-02 20:15:40.000000,2025-05-30 08:28:06.000000
502ffccc-8b2c-4598-845b-be19ee585984,Symptom stability review,2025-11-27 15:31:45.000000,Discussed stress management techniques.,2025-09-25 09:41:10.000000,2025-09-25 10:41:10.000000,e0922193-e23d-409c-bcb0-e72820ed4773,e404d1d1-9231-4327-a1a0-11669ba8573e,41,2025-07-28 22:50:01.000000,2025-07-22 03:14:36.000000
512805b2-6d9b-4438-9a55-91655babb82a,Follow-up for physical therapy progress,2025-11-27 13:18:38.000000,Patient reports improved mobility after therapy.,2025-08-04 11:41:26.000000,2025-08-04 13:41:26.000000,3dcd7a4a-7dc0-4ea8-9b42-f602f855ecc3,d789bc72-a4e7-4483-b99f-1f0e84bae639,12,2025-07-12 18:07:11.000000,2025-07-08 13:46:13.000000
55b2d758-d878-4739-955a-27aa6b6d1222,Allergy symptom evaluation,2025-11-29 12:35:30.000000,Mild allergy flare-up. Antihistamines prescribed.,2025-08-20 15:06:05.000000,2025-08-20 16:06:05.000000,3dcd7a4a-7dc0-4ea8-9b42-f602f855ecc3,8253cf03-0780-49f1-8bb4-e92578a017af,12,2025-08-24 19:51:09.000000,2025-08-16 13:28:31.000000
5e033e57-f750-4d60-9141-1f0527adb91f,Overall stability evaluation,2025-12-01 09:26:33.000000,Patient stable; next follow-up scheduled.,2025-07-28 13:54:25.000000,2025-07-28 15:54:25.000000,67f4230b-871a-4204-81f7-a7ca5685f417,cefee4a8-c9c1-4e7f-8a9b-4fec6c53616a,10,2025-07-28 11:04:23.000000,2025-07-20 23:30:19.000000
5efa730c-d00e-40a3-a2eb-f84b1d2dc6da,General health check,2025-11-29 13:28:21.000000,No acute complaints today.,2025-09-29 13:26:22.000000,2025-09-29 14:26:22.000000,7e8afdea-f328-491c-abb7-47e8bdcbf9b3,55e19c5e-8530-43be-af69-bd498169ff2e,22,2025-09-15 08:32:54.000000,2025-08-29 06:27:04.000000
5f943bd0-1b5e-4e0d-9a1d-d415fafb07ed,Reflux symptom evaluation,2025-11-27 14:33:54.000000,Patient stable for discharge from follow-up program.,2025-10-17 09:57:17.000000,2025-10-17 10:57:17.000000,eea4071b-1052-47da-8ef1-37bc30bce330,e404d1d1-9231-4327-a1a0-11669ba8573e,17,2025-09-12 17:32:19.000000,2025-08-04 11:14:05.000000
602cc647-ed92-4ebf-9b6c-25e04da18554,Sore throat evaluation,2025-11-27 12:38:52.000000,Patient doing well overall.,2025-09-28 14:24:20.000000,2025-09-28 15:24:20.000000,e0922193-e23d-409c-bcb0-e72820ed4773,cea16fd7-9875-4e5e-af53-dcb42dc66b39,21,2025-06-18 21:30:41.000000,2025-08-02 13:19:10.000000
65d6c6c4-10f6-4050-9077-55c5309ffd04,Post-procedure follow-up,2025-12-01 13:53:23.000000,Patient recovering well post-procedure.,2025-10-13 09:42:40.000000,2025-10-13 10:42:40.000000,3dcd7a4a-7dc0-4ea8-9b42-f602f855ecc3,55e19c5e-8530-43be-af69-bd498169ff2e,12,2025-10-07 19:08:23.000000,2025-10-04 04:12:45.000000
67dcfdc1-b7d3-4a6e-8c73-abaa71e80527,Muscle tension evaluation,2025-11-27 12:28:07.000000,Muscle tension in back; advised heat therapy.,2025-07-03 14:45:31.000000,2025-07-03 16:45:31.000000,3a3a43e3-5c40-4aee-98a1-23297badbd76,0855baa8-91fc-46ac-aebc-f8e8bf932f13,30,2025-04-25 09:06:22.000000,2025-04-21 03:07:16.000000
6bbf17b4-a2b9-48de-a612-6a5897590339,Imaging review appointment,2025-12-04 08:12:55.000000,Patient reports intermittent nausea; advised dietary modifications.,2025-08-18 10:55:53.000000,2025-08-18 12:55:53.000000,67f4230b-871a-4204-81f7-a7ca5685f417,0855baa8-91fc-46ac-aebc-f8e8bf932f13,10,2025-07-05 12:33:22.000000,2025-07-03 10:16:55.000000
6d004c0f-6551-47c4-957c-bdbf8ef063bd,Hypertension follow-up,2025-12-03 14:45:22.000000,Skin lesion examined; appears benign.,2025-09-08 09:09:55.000000,2025-09-08 10:09:55.000000,67f4230b-871a-4204-81f7-a7ca5685f417,cefee4a8-c9c1-4e7f-8a9b-4fec6c53616a,10,2025-06-28 05:32:13.000000,2025-06-22 20:57:09.000000
6f3858c5-3430-439a-a96d-2e2402d3986a,Injury recovery follow-up,2025-12-03 12:22:50.000000,Follow-up after minor injury; healing appropriately.,2025-09-04 14:58:21.000000,2025-09-04 16:58:21.000000,fa91265f-9d63-4d8a-9975-a0f6de059ae4,3d609521-78bb-4fa9-a8cf-499755ab6377,7,2025-07-09 18:14:20.000000,2025-07-25 04:54:16.000000
70b08e75-f1a0-4269-89d8-059b52fbb823,Dizziness evaluation,2025-12-02 08:45:43.000000,Mild dizziness reported; monitoring advised.,2025-10-12 12:58:17.000000,2025-10-12 13:58:17.000000,3dcd7a4a-7dc0-4ea8-9b42-f602f855ecc3,cefee4a8-c9c1-4e7f-8a9b-4fec6c53616a,12,2025-09-09 23:11:49.000000,2025-08-31 20:28:31.000000
72ebdbbb-7d3c-41eb-9f2b-51630a42423a,Ear discomfort evaluation,2025-12-04 13:39:22.000000,Mild ear discomfort; evaluated and treated.,2025-06-22 09:32:04.000000,2025-06-22 11:32:04.000000,ec8a528a-d870-4c7e-a6ed-6250047aab53,0855baa8-91fc-46ac-aebc-f8e8bf932f13,18,2025-06-01 20:08:45.000000,2025-05-29 15:05:36.000000
74585601-663f-4b8b-8258-e72cc1b1c05a,Shortness of breath evaluation,2025-11-30 14:30:45.000000,Mild shortness of breath reported; further testing ordered.,2025-11-12 15:59:03.000000,2025-11-12 17:59:03.000000,ec8a528a-d870-4c7e-a6ed-6250047aab53,e404d1d1-9231-4327-a1a0-11669ba8573e,18,2025-10-30 20:51:14.000000,2025-10-26 13:55:31.000000
7511ae2b-8148-4de1-a61e-6031633ecba7,Post-surgery recovery check,2025-11-29 14:55:31.000000,Patient recovering well post-surgery.,2025-09-02 10:48:07.000000,2025-09-02 11:48:07.000000,ec8a528a-d870-4c7e-a6ed-6250047aab53,650c4079-8bd5-460f-aa3e-935bfbc1d77b,19,2025-08-22 20:15:26.000000,2025-08-20 13:05:04.000000
75a23d78-4f58-4f0c-93bd-0c03e92b0c1c,Mental health and mood evaluation,2025-11-30 10:33:57.000000,Patient reports improved mood with therapy.,2025-11-08 15:22:16.000000,2025-11-08 17:22:16.000000,ec8a528a-d870-4c7e-a6ed-6250047aab53,68be4d9b-87f2-4c11-b151-a5f609cdbdd6,19,2025-10-06 21:31:40.000000,2025-10-03 15:06:57.000000
763228cc-4088-408e-815c-b9770f8654a9,Medication management consultation,2025-12-03 13:17:27.000000,Follow-up for medication refill.,2025-09-12 10:32:30.000000,2025-09-12 11:32:30.000000,7e8afdea-f328-491c-abb7-47e8bdcbf9b3,b4b425bf-5839-4f52-80f2-045d2fa697df,33,2025-08-15 17:42:07.000000,2025-08-11 04:29:07.000000
7baa7cde-e78a-499d-a13f-23aa5a16409e,Respiratory congestion evaluation,2025-11-30 13:40:48.000000,Patient reports reduction in pain levels.,2025-07-05 11:41:11.000000,2025-07-05 12:41:11.000000,67f4230b-871a-4204-81f7-a7ca5685f417,d789bc72-a4e7-4483-b99f-1f0e84bae639,10,2025-05-29 05:19:51.000000,2025-05-25 10:59:04.000000
7c6413e1-66d2-4963-b5a8-4ed97f3dd369,Long-term condition planning visit,2025-12-01 12:58:09.000000,Discussed long-term management plan.,2025-11-05 10:57:46.000000,2025-11-05 12:57:46.000000,3a3a43e3-5c40-4aee-98a1-23297badbd76,b4b425bf-5839-4f52-80f2-045d2fa697df,30,2025-11-09 02:44:33.000000,2025-11-04 06:09:52.000000
83a19b1a-3084-4498-9277-2fb1112bb358,Chronic condition follow-up,2025-12-01 14:30:28.000000,Mild headache frequency decreasing.,2025-10-01 16:09:10.000000,2025-10-01 18:09:10.000000,e0922193-e23d-409c-bcb0-e72820ed4773,1f82c7a7-35ec-4da0-84c2-b23f6f198f0a,9,2025-06-30 10:29:01.000000,2025-07-05 02:56:50.000000
84c1a22c-c4da-49f2-aeaf-9bffc0954154,Overall condition assessment,2025-11-30 09:54:14.000000,Follow-up for minor injury; full recovery expected.,2025-08-12 13:45:38.000000,2025-08-12 14:45:38.000000,e0922193-e23d-409c-bcb0-e72820ed4773,e34fe9b6-6014-45ed-841e-07e8c592a008,41,2025-06-30 13:22:58.000000,2025-06-24 23:36:22.000000
85ac4d85-8ac6-4a63-a4aa-e70071ecb377,Throat irritation exam,2025-11-28 13:33:26.000000,Throat irritation noted; supportive care recommended.,2025-10-18 14:42:11.000000,2025-10-18 16:42:11.000000,3a3a43e3-5c40-4aee-98a1-23297badbd76,68be4d9b-87f2-4c11-b151-a5f609cdbdd6,6,2025-08-30 20:43:55.000000,2025-08-25 12:01:21.000000
863e691f-ba61-439a-98b0-a367641fab75,Discharge readiness assessment,2025-12-04 15:49:09.000000,Mild ankle swelling; likely overuse.,2025-06-25 13:43:04.000000,2025-06-25 14:43:04.000000,eea4071b-1052-47da-8ef1-37bc30bce330,650c4079-8bd5-460f-aa3e-935bfbc1d77b,2,2025-07-16 04:25:31.000000,2025-06-13 05:20:17.000000
8a6e568d-3986-43a3-a55e-fa7deea5c58e,Joint mobility assessment,2025-11-27 11:23:17.000000,Joint mobility improving; continue exercises.,2025-08-09 09:37:25.000000,2025-08-09 10:37:25.000000,ec8a528a-d870-4c7e-a6ed-6250047aab53,d789bc72-a4e7-4483-b99f-1f0e84bae639,18,2025-08-04 17:22:19.000000,2025-08-01 02:45:48.000000
8b865dc4-2ea7-4d9c-b71a-5db6ac65eed2,Persistent cough evaluation,2025-12-04 16:27:44.000000,Persistent cough; recommended further evaluation.,2025-07-05 10:52:12.000000,2025-07-05 12:52:12.000000,7e8afdea-f328-491c-abb7-47e8bdcbf9b3,cefee4a8-c9c1-4e7f-8a9b-4fec6c53616a,22,2025-07-23 06:41:05.000000,2025-06-28 21:29:06.000000
8f479696-dedf-4433-af17-2998c5900d3c,Swelling evaluation,2025-12-01 13:59:14.000000,Patient concerned about mild swelling; monitoring advised.,2025-07-20 10:23:54.000000,2025-07-20 11:23:54.000000,fa91265f-9d63-4d8a-9975-a0f6de059ae4,d789bc72-a4e7-4483-b99f-1f0e84bae639,7,2025-06-29 23:15:54.000000,2025-06-24 22:19:35.000000
8fc7be83-3891-4f0f-a71e-ed9cab91d467,Ankle swelling evaluation,2025-12-03 16:11:10.000000,Patient concerned about slight weight gain; advised exercise.,2025-09-21 13:31:20.000000,2025-09-21 14:31:20.000000,eea4071b-1052-47da-8ef1-37bc30bce330,9cd8e918-54bc-4511-a980-70a6443694d9,2,2025-06-23 22:51:46.000000,2025-07-01 11:45:11.000000
924c9c49-dda4-4f19-8feb-2bb17a862d41,General wellness consultation,2025-12-01 15:19:40.000000,Mild sinus irritation; advised saline rinse.,2025-07-16 14:51:02.000000,2025-07-16 15:51:02.000000,e0922193-e23d-409c-bcb0-e72820ed4773,cefee4a8-c9c1-4e7f-8a9b-4fec6c53616a,41,2025-05-01 04:48:52.000000,2025-06-27 12:41:45.000000
931dc668-17ee-4df6-9490-d19b29a07f2a,Sleep improvement follow-up,2025-11-27 15:54:18.000000,Sleep patterns improving with new routine.,2025-07-01 09:44:34.000000,2025-07-01 10:44:34.000000,ec8a528a-d870-4c7e-a6ed-6250047aab53,8382e45c-6e9c-432a-87d5-2b969a12b850,19,2025-06-28 09:45:10.000000,2025-06-25 07:50:56.000000
98c8fc18-e107-487c-8b85-9c16d317c8ad,Skin lesion examination,2025-11-30 11:57:13.000000,Reviewed imaging; no changes from prior study.,2025-08-23 15:48:48.000000,2025-08-23 17:48:48.000000,67f4230b-871a-4204-81f7-a7ca5685f417,1f82c7a7-35ec-4da0-84c2-b23f6f198f0a,10,2025-07-04 20:38:46.000000,2025-06-30 21:25:18.000000
9a15da0d-233b-47ef-a357-c9328471d99e,Preventive care consultation,2025-11-28 14:12:11.000000,Discussed preventive care and upcoming vaccinations.,2025-10-22 10:22:17.000000,2025-10-22 12:22:17.000000,fa91265f-9d63-4d8a-9975-a0f6de059ae4,55e19c5e-8530-43be-af69-bd498169ff2e,7,2025-08-13 23:41:45.000000,2025-08-09 11:20:20.000000
9ee371fb-1b09-4172-8e26-d828ef7a2e93,Headache frequency follow-up,2025-11-29 13:12:32.000000,Patient reports better control of symptoms.,2025-09-16 10:55:32.000000,2025-09-16 12:55:32.000000,e0922193-e23d-409c-bcb0-e72820ed4773,8253cf03-0780-49f1-8bb4-e92578a017af,41,2025-03-31 15:08:23.000000,2025-08-27 07:18:40.000000
9fb39d67-e1c3-439b-8c1e-6f3c1c264bca,Recovery check from recent illness,2025-12-04 10:34:48.000000,Patient recovering well from recent illness.,2025-10-09 09:30:14.000000,2025-10-09 11:30:14.000000,3a3a43e3-5c40-4aee-98a1-23297badbd76,81917ef3-f601-4d3d-b95f-e3acd11e086f,15,2025-09-26 21:55:18.000000,2025-09-25 08:53:12.000000
a126bcda-9729-4a0b-9d38-9ca5165a1961,Assessment of stress-related symptoms,2025-12-03 11:42:53.000000,Patient experiencing stress-related symptoms. Recommended lifestyle changes.,2025-08-01 11:32:14.000000,2025-08-01 13:32:14.000000,3dcd7a4a-7dc0-4ea8-9b42-f602f855ecc3,6981e319-fa39-487d-8911-305733591fce,4,2025-06-23 05:33:57.000000,2025-06-15 11:47:44.000000
a15e8298-ed5e-4fcc-9fb0-d5616ba67d18,Sleep routine consultation,2025-12-04 10:01:07.000000,Discussed sleep hygiene practices.,2025-10-16 11:29:40.000000,2025-10-16 13:29:40.000000,fa91265f-9d63-4d8a-9975-a0f6de059ae4,2b1cd1b1-6630-42d5-b331-41502c753d81,7,2025-10-01 05:43:17.000000,2025-10-09 16:50:38.000000
a2692013-e836-4ceb-92a1-0258631f1cca,Activity level assessment,2025-12-03 12:48:21.000000,No new complaints or symptoms.,2025-06-24 15:40:30.000000,2025-06-24 16:40:30.000000,e0922193-e23d-409c-bcb0-e72820ed4773,cea16fd7-9875-4e5e-af53-dcb42dc66b39,21,2025-09-22 11:58:44.000000,2025-05-05 05:59:02.000000
a3f4ddfc-e46a-4043-a2c7-c3a8b88b238a,Annual health screening,2025-12-03 08:57:42.000000,Routine wellness check; everything normal.,2025-10-30 10:45:42.000000,2025-10-30 11:45:42.000000,fa91265f-9d63-4d8a-9975-a0f6de059ae4,e404d1d1-9231-4327-a1a0-11669ba8573e,7,2025-09-22 08:47:30.000000,2025-09-19 13:00:32.000000
a42ac832-ba6e-48e7-be43-6db83adebd59,Routine check-in,2025-12-01 15:00:25.000000,Routine check; all stable.,2025-09-04 12:15:50.000000,2025-09-04 13:15:50.000000,3a3a43e3-5c40-4aee-98a1-23297badbd76,9cd8e918-54bc-4511-a980-70a6443694d9,6,2025-08-25 12:47:38.000000,2025-08-14 02:18:18.000000
a5b48b6c-85f0-4231-b579-dd25c9caf68d,Sleep routine evaluation,2025-11-29 10:27:11.000000,Lab results reviewed; slight vitamin deficiency.,2025-07-27 10:33:19.000000,2025-07-27 11:33:19.000000,eea4071b-1052-47da-8ef1-37bc30bce330,5c241ffb-6c82-490c-be3c-b55eaf5272ea,17,2025-07-04 16:49:52.000000,2025-06-29 18:48:06.000000
a5ce9eac-7f1d-482f-9849-9fb92c9732e3,No-symptom routine visit,2025-12-03 09:50:15.000000,Back pain improved since last visit.,2025-10-26 11:50:30.000000,2025-10-26 12:50:30.000000,e0922193-e23d-409c-bcb0-e72820ed4773,4da4c5b2-c60c-47e5-92ae-9672bdfa2e09,9,2025-05-22 16:53:12.000000,2025-08-25 10:07:15.000000
a6e49c90-e9dc-4ab6-8e52-eebdf1b3a364,General symptom review,2025-12-01 16:22:10.000000,No significant concerns expressed during visit.,2025-10-15 11:23:11.000000,2025-10-15 12:23:11.000000,ec8a528a-d870-4c7e-a6ed-6250047aab53,8253cf03-0780-49f1-8bb4-e92578a017af,19,2025-10-01 01:04:03.000000,2025-09-30 14:08:07.000000
a8e10415-9d42-450f-9679-408db20896f7,Digestive symptom follow-up,2025-11-27 10:32:41.000000,Improvement noted in digestive symptoms.,2025-07-11 11:51:10.000000,2025-07-11 12:51:10.000000,fa91265f-9d63-4d8a-9975-a0f6de059ae4,c477e098-eb1b-4183-951d-78d8140ebb25,7,2025-06-29 19:40:10.000000,2025-06-25 02:09:59.000000
ac81b7e6-e0de-46f4-a2f7-38201d835974,Routine follow-up appointment,2025-12-01 10:07:14.000000,Routine follow-up visit. Patient reports good progress with current treatment.,2025-07-09 16:12:41.000000,2025-07-09 17:12:41.000000,3dcd7a4a-7dc0-4ea8-9b42-f602f855ecc3,2b1cd1b1-6630-42d5-b331-41502c753d81,4,2025-04-24 15:22:18.000000,2025-04-19 03:30:24.000000
b135db78-415f-4511-8330-2e06a89a1ae5,Routine health monitoring,2025-11-28 16:36:50.000000,No new symptoms. Continue current plan.,2025-07-25 14:06:46.000000,2025-07-25 15:06:46.000000,3dcd7a4a-7dc0-4ea8-9b42-f602f855ecc3,650c4079-8bd5-460f-aa3e-935bfbc1d77b,4,2025-06-19 12:50:18.000000,2025-05-27 11:51:20.000000
b3a519c6-bf9a-4ee8-b848-0db420dc6ff2,Review of imaging results,2025-12-01 16:55:12.000000,Reviewed imaging results; no abnormalities found.,2025-08-11 11:48:32.000000,2025-08-11 12:48:32.000000,7e8afdea-f328-491c-abb7-47e8bdcbf9b3,4da4c5b2-c60c-47e5-92ae-9672bdfa2e09,1,2025-06-20 13:05:33.000000,2025-06-12 10:37:49.000000
b44a3bc6-ac0b-46f7-a2e5-11ece403c41e,Bloating and digestive concerns,2025-11-29 14:01:59.000000,Patient reports mild bloating; dietary adjustments advised.,2025-09-30 16:55:59.000000,2025-09-30 17:55:59.000000,ec8a528a-d870-4c7e-a6ed-6250047aab53,b4b425bf-5839-4f52-80f2-045d2fa697df,19,2025-07-08 23:54:18.000000,2025-07-05 08:15:05.000000
b5b93900-8e49-4f13-9780-8a6511fcee03,Seasonal allergy evaluation,2025-12-03 08:55:17.000000,Patient tolerating medications well.,2025-08-17 12:49:31.000000,2025-08-17 14:49:31.000000,eea4071b-1052-47da-8ef1-37bc30bce330,cefee4a8-c9c1-4e7f-8a9b-4fec6c53616a,17,2025-06-21 23:41:18.000000,2025-06-21 16:21:25.000000
b5e2c559-64bd-476b-a812-a4ae1d3b60b6,General physical examination,2025-12-04 10:29:39.000000,Patient notes fewer asthma symptoms.,2025-07-03 10:03:40.000000,2025-07-03 11:03:40.000000,e0922193-e23d-409c-bcb0-e72820ed4773,e404d1d1-9231-4327-a1a0-11669ba8573e,9,2025-10-21 14:17:43.000000,2025-04-04 22:00:31.000000
b6f22438-b168-4a24-b4b8-a727a623d8d8,Energy level assessment,2025-11-29 11:48:44.000000,Patient reports increased energy levels.,2025-07-19 14:07:22.000000,2025-07-19 15:07:22.000000,fa91265f-9d63-4d8a-9975-a0f6de059ae4,68be4d9b-87f2-4c11-b151-a5f609cdbdd6,7,2025-05-10 20:32:58.000000,2025-05-03 12:31:20.000000
b92ce492-bf79-4d18-a2de-a9e32517fd50,Mental health follow-up,2025-11-29 09:51:22.000000,Lower back tension; recommended stretching routine.,2025-10-27 09:58:51.000000,2025-10-27 11:58:51.000000,eea4071b-1052-47da-8ef1-37bc30bce330,e404d1d1-9231-4327-a1a0-11669ba8573e,17,2025-06-25 11:04:12.000000,2025-09-17 08:04:58.000000
ba72e9c3-7a62-4871-bb29-047ddba94feb,Back tension evaluation,2025-11-28 10:58:03.000000,Symptoms of mild reflux; medication adjusted.,2025-07-10 13:13:45.000000,2025-07-10 14:13:45.000000,eea4071b-1052-47da-8ef1-37bc30bce330,4da4c5b2-c60c-47e5-92ae-9672bdfa2e09,17,2025-07-06 14:23:51.000000,2025-05-16 23:09:35.000000
bb50c937-d208-4587-82c0-60150e999fbe,Medication adherence review,2025-11-28 14:48:11.000000,Discussed strategies for better medication adherence.,2025-08-07 09:29:24.000000,2025-08-07 11:29:24.000000,67f4230b-871a-4204-81f7-a7ca5685f417,9cd8e918-54bc-4511-a980-70a6443694d9,10,2025-07-28 18:03:49.000000,2025-07-22 16:25:52.000000
bc34ce3d-3735-41d2-a87b-2582f459ae6e,Sleep and fatigue assessment,2025-12-01 16:15:01.000000,Mild dehydration suspected; advised increased fluid intake.,2025-09-13 12:45:15.000000,2025-09-13 13:45:15.000000,67f4230b-871a-4204-81f7-a7ca5685f417,0855baa8-91fc-46ac-aebc-f8e8bf932f13,10,2025-10-21 12:41:17.000000,2025-06-19 13:53:24.000000
bcef7c59-cf36-4044-8ab5-3a77416bf26e,Lab follow-up consultation,2025-12-02 13:19:42.000000,Follow-up on lab results; slight improvements noted.,2025-06-17 12:09:48.000000,2025-06-17 14:09:48.000000,3a3a43e3-5c40-4aee-98a1-23297badbd76,1f82c7a7-35ec-4da0-84c2-b23f6f198f0a,30,2025-05-10 19:41:08.000000,2025-05-03 15:32:59.000000
bec5fe6f-3405-44e2-8a15-be275f5e7cb9,Blood pressure medication review,2025-12-03 11:12:01.000000,Patient stable on current blood pressure medication.,2025-10-06 11:11:12.000000,2025-10-06 13:11:12.000000,ec8a528a-d870-4c7e-a6ed-6250047aab53,81917ef3-f601-4d3d-b95f-e3acd11e086f,18,2025-08-12 07:59:01.000000,2025-08-04 13:53:47.000000
bee7fce2-9862-447d-a978-4678a2da6cbc,Sinus pressure evaluation,2025-12-03 13:44:50.000000,Patient reports mild sinus pressure; recommended nasal spray.,2025-06-20 13:27:52.000000,2025-06-20 15:27:52.000000,fa91265f-9d63-4d8a-9975-a0f6de059ae4,650c4079-8bd5-460f-aa3e-935bfbc1d77b,7,2025-05-21 12:10:38.000000,2025-05-13 07:02:30.000000
c668ccfe-a51a-4418-b5d7-a996ac21233d,Comprehensive physical exam,2025-12-03 12:59:47.000000,Routine physical exam; normal findings.,2025-07-17 12:38:26.000000,2025-07-17 14:38:26.000000,3a3a43e3-5c40-4aee-98a1-23297badbd76,55e19c5e-8530-43be-af69-bd498169ff2e,30,2025-06-10 02:11:21.000000,2025-06-06 03:22:44.000000
c873ad57-353b-4fa1-bf2a-5cc35745b0b0,Asthma symptom follow-up,2025-11-30 15:58:28.000000,Patient reports improved breathing with inhaler use.,2025-07-15 11:52:50.000000,2025-07-15 12:52:50.000000,7e8afdea-f328-491c-abb7-47e8bdcbf9b3,534d0e43-d2da-49ff-a0ba-0b779645aa5a,22,2025-06-09 23:51:29.000000,2025-06-04 04:42:18.000000
c8d6d4f7-f8b2-4558-b5b8-c91f95df48a4,Vitamin deficiency follow-up,2025-11-29 14:41:38.000000,Mild congestion; seasonal allergies suspected.,2025-06-28 15:25:47.000000,2025-06-28 16:25:47.000000,eea4071b-1052-47da-8ef1-37bc30bce330,5c241ffb-6c82-490c-be3c-b55eaf5272ea,2,2025-08-31 12:23:44.000000,2025-04-30 00:37:04.000000
c96e32de-0dd5-4960-bfef-59e8e7f68db9,Chronic pain management visit,2025-11-28 16:27:32.000000,Follow-up for chronic pain; patient states better control.,2025-11-08 14:03:41.000000,2025-11-08 15:03:41.000000,fa91265f-9d63-4d8a-9975-a0f6de059ae4,534d0e43-d2da-49ff-a0ba-0b779645aa5a,7,2025-09-15 21:31:02.000000,2025-09-08 22:07:49.000000
cc6aae02-2370-40ce-9151-a2debc9a76aa,Review of recent lab results,2025-11-30 12:04:08.000000,Reviewed lab results; all within normal limits.,2025-06-25 15:29:11.000000,2025-06-25 16:29:11.000000,3dcd7a4a-7dc0-4ea8-9b42-f602f855ecc3,2b1cd1b1-6630-42d5-b331-41502c753d81,4,2025-04-08 08:46:33.000000,2025-04-03 23:26:37.000000
cd9f8b83-b7da-4133-b4fb-7ba52e8ee4ea,Skin irritation check,2025-12-01 15:44:38.000000,Mild skin irritation; topical cream prescribed.,2025-08-22 14:57:20.000000,2025-08-22 15:57:20.000000,7e8afdea-f328-491c-abb7-47e8bdcbf9b3,c477e098-eb1b-4183-951d-78d8140ebb25,1,2025-06-06 12:33:15.000000,2025-06-03 00:28:35.000000
ce4b742d-247d-4145-8463-cac639799c0e,Routine stability follow-up,2025-11-30 14:31:57.000000,Patient reports good general health.,2025-08-27 15:22:10.000000,2025-08-27 17:22:10.000000,e0922193-e23d-409c-bcb0-e72820ed4773,cea16fd7-9875-4e5e-af53-dcb42dc66b39,9,2025-10-14 08:52:44.000000,2025-08-04 06:07:35.000000
cf2dc2e8-3476-4e27-938a-a08ada97be88,Medication refill and review,2025-12-02 10:39:58.000000,Discussed medication adherence. Patient stable.,2025-08-14 15:13:29.000000,2025-08-14 17:13:29.000000,3dcd7a4a-7dc0-4ea8-9b42-f602f855ecc3,55e19c5e-8530-43be-af69-bd498169ff2e,12,2025-06-12 12:08:44.000000,2025-05-28 09:50:39.000000
d0718c9c-12d1-49a9-afa7-f1f22139874f,Anxiety symptom assessment,2025-12-01 11:35:41.000000,Patient experiencing anxiety; counseling recommended.,2025-07-03 11:37:50.000000,2025-07-03 12:37:50.000000,7e8afdea-f328-491c-abb7-47e8bdcbf9b3,c477e098-eb1b-4183-951d-78d8140ebb25,22,2025-05-15 18:09:47.000000,2025-05-09 03:00:43.000000
d6181995-60fa-479c-a528-5eea46aa3828,Diabetes management visit,2025-11-27 09:54:06.000000,Routine diabetes check; glucose levels stable.,2025-10-02 10:34:50.000000,2025-10-02 11:34:50.000000,7e8afdea-f328-491c-abb7-47e8bdcbf9b3,534d0e43-d2da-49ff-a0ba-0b779645aa5a,1,2025-08-02 08:22:14.000000,2025-07-28 23:34:49.000000
dc3d4787-4de3-4bc0-962e-27a62247c38a,Bruising check,2025-12-03 14:43:20.000000,Minor bruising examined; no concerns.,2025-08-04 09:18:41.000000,2025-08-04 10:18:41.000000,3a3a43e3-5c40-4aee-98a1-23297badbd76,1f82c7a7-35ec-4da0-84c2-b23f6f198f0a,30,2025-06-27 05:54:22.000000,2025-06-20 20:33:01.000000
dc54a14b-adc7-4f21-bc1e-6577da48e09a,Abdominal pain follow-up,2025-12-02 11:02:30.000000,Increased activity level reported.,2025-09-23 10:32:48.000000,2025-09-23 11:32:48.000000,e0922193-e23d-409c-bcb0-e72820ed4773,b4b425bf-5839-4f52-80f2-045d2fa697df,21,2025-07-12 03:46:27.000000,2025-09-10 06:55:26.000000
dd6fe2ff-d3b9-436a-bd5b-4bb33872ae67,Lifestyle modification follow-up,2025-12-03 11:40:52.000000,Patient shows positive progress with lifestyle changes.,2025-06-29 09:31:03.000000,2025-06-29 10:31:03.000000,3a3a43e3-5c40-4aee-98a1-23297badbd76,cea16fd7-9875-4e5e-af53-dcb42dc66b39,15,2025-04-12 08:22:40.000000,2025-04-08 04:11:32.000000
de0dbd65-5d89-4d8d-bd5a-5a1413d3865a,Medication refill visit,2025-12-02 12:31:54.000000,Patient reports good general health.,2025-08-16 10:48:51.000000,2025-08-16 11:48:51.000000,e0922193-e23d-409c-bcb0-e72820ed4773,9cd8e918-54bc-4511-a980-70a6443694d9,21,2025-07-31 21:54:16.000000,2025-06-04 01:39:59.000000
e02669eb-aca3-4dd4-ac63-950779a30056,Wound healing assessment,2025-12-03 09:24:13.000000,Patient reports improved mood on current therapy.,2025-07-14 12:11:27.000000,2025-07-14 13:11:27.000000,eea4071b-1052-47da-8ef1-37bc30bce330,8382e45c-6e9c-432a-87d5-2b969a12b850,2,2025-08-29 12:47:01.000000,2025-07-10 00:28:12.000000
e6d96dd6-f92f-484c-a9d1-b9b5bfdbbe00,Stress management consultation,2025-12-04 16:20:48.000000,Physical exam normal; continue plan.,2025-08-14 11:03:39.000000,2025-08-14 12:03:39.000000,e0922193-e23d-409c-bcb0-e72820ed4773,b4b425bf-5839-4f52-80f2-045d2fa697df,9,2025-08-24 12:04:28.000000,2025-06-11 20:37:38.000000
e9661581-f5bf-4ded-970f-ae3122fc9411,Sinus irritation evaluation,2025-11-29 08:44:40.000000,Routine visit; patient stable and asymptomatic.,2025-06-21 16:33:53.000000,2025-06-21 17:33:53.000000,e0922193-e23d-409c-bcb0-e72820ed4773,0855baa8-91fc-46ac-aebc-f8e8bf932f13,21,2025-06-22 12:49:17.000000,2025-06-19 11:47:42.000000
eaabce44-382b-419a-9ca2-67f95401d793,Lower back pain assessment,2025-12-03 11:35:05.000000,Minor back pain reported; recommended stretching exercises.,2025-09-18 13:12:04.000000,2025-09-18 14:12:04.000000,3dcd7a4a-7dc0-4ea8-9b42-f602f855ecc3,c477e098-eb1b-4183-951d-78d8140ebb25,12,2025-08-14 07:16:50.000000,2025-08-08 08:53:25.000000
ed9c0c2b-b693-4818-9f15-2cdd3620bf1f,Abdominal discomfort follow-up,2025-12-02 14:12:05.000000,Abdominal discomfort reported; monitoring advised.,2025-10-10 10:08:08.000000,2025-10-10 11:08:08.000000,3a3a43e3-5c40-4aee-98a1-23297badbd76,d789bc72-a4e7-4483-b99f-1f0e84bae639,30,2025-08-10 07:31:49.000000,2025-08-02 22:28:50.000000
f3506495-1067-4a84-b286-5c0146bf9ca8,Recurring headache evaluation,2025-12-02 14:30:20.000000,Patient concerned about recurring headaches; advised tracking frequency.,2025-09-19 11:04:28.000000,2025-09-19 12:04:28.000000,ec8a528a-d870-4c7e-a6ed-6250047aab53,2b1cd1b1-6630-42d5-b331-41502c753d81,19,2025-09-13 00:18:29.000000,2025-09-07 22:36:41.000000
f4c823db-8202-48d5-8205-78ea44a4eb81,Hydration status check,2025-12-01 10:46:14.000000,Patient states improvement in mobility.,2025-07-11 10:54:21.000000,2025-07-11 11:54:21.000000,67f4230b-871a-4204-81f7-a7ca5685f417,5c241ffb-6c82-490c-be3c-b55eaf5272ea,10,2025-10-05 14:48:21.000000,2025-06-12 15:47:24.000000
f93546dc-8ea6-4cf8-9d5f-00061dcd70b2,Pain level assessment,2025-12-01 15:25:47.000000,Follow-up for hypertension; readings improved.,2025-09-11 16:18:34.000000,2025-09-11 18:18:34.000000,67f4230b-871a-4204-81f7-a7ca5685f417,cefee4a8-c9c1-4e7f-8a9b-4fec6c53616a,10,2025-09-02 23:38:44.000000,2025-08-26 19:29:07.000000
faf76a98-8fb6-4014-a7ac-b6aa4c85732c,Hypertension management,2025-12-04 11:03:19.000000,Blood pressure within target range.,2025-06-17 10:33:43.000000,2025-06-17 11:33:43.000000,7e8afdea-f328-491c-abb7-47e8bdcbf9b3,b4b425bf-5839-4f52-80f2-045d2fa697df,22,2025-04-05 11:28:44.000000,2025-03-29 13:24:57.000000
fe2848a6-80d8-4bbb-83f8-37c224b0d314,Seasonal allergy evaluation,2025-11-28 09:08:42.000000,Mild respiratory congestion; recommended supportive care.,2025-07-09 09:52:59.000000,2025-07-09 11:52:59.000000,67f4230b-871a-4204-81f7-a7ca5685f417,534d0e43-d2da-49ff-a0ba-0b779645aa5a,10,2025-05-03 10:44:52.000000,2025-04-28 03:18:53.000000
