2920ff55-ca14-4df0-bdd3-622d84f44e29,1
2b1cd1b1-6630-42d5-b331-41502c753d81,1
550e8400-e29b-41d4-a716-446655440000,1
650c4079-8bd5-460f-aa3e-935bfbc1d77b,1
67f4230b-871a-4204-81f7-a7ca5685f417,1
7a39053b-a6b7-4c06-9c4a-b8c222cdda0c,1
8253cf03-0780-49f1-8bb4-e92578a017af,1
9cd8e918-54bc-4511-a980-70a6443694d9,1
fa91265f-9d63-4d8a-9975-a0f6de059ae4,1
0855baa8-91fc-46ac-aebc-f8e8bf932f13,2
1113a0f8-93fe-48dd-a106-fcdf9c969903,2
2920ff55-ca14-4df0-bdd3-622d84f44e29,2
4da4c5b2-c60c-47e5-92ae-9672bdfa2e09,2
534d0e43-d2da-49ff-a0ba-0b779645aa5a,2
550e8400-e29b-41d4-a716-446655440000,2
67f4230b-871a-4204-81f7-a7ca5685f417,2
7a39053b-a6b7-4c06-9c4a-b8c222cdda0c,2
81917ef3-f601-4d3d-b95f-e3acd11e086f,2
9cd8e918-54bc-4511-a980-70a6443694d9,2
cea16fd7-9875-4e5e-af53-dcb42dc66b39,2
e34fe9b6-6014-45ed-841e-07e8c592a008,2
ec8a528a-d870-4c7e-a6ed-6250047aab53,2
3a3a43e3-5c40-4aee-98a1-23297badbd76,3
3d609521-78bb-4fa9-a8cf-499755ab6377,3
50f59a43-028f-445a-b92d-9e6976591233,3
51ddfd30-d8e3-4df7-905e-07065f2bd440,3
534d0e43-d2da-49ff-a0ba-0b779645aa5a,3
68be4d9b-87f2-4c11-b151-a5f609cdbdd6,3
8253cf03-0780-49f1-8bb4-e92578a017af,3
c477e098-eb1b-4183-951d-78d8140ebb25,3
e34fe9b6-6014-45ed-841e-07e8c592a008,3
51ddfd30-d8e3-4df7-905e-07065f2bd440,4
55e19c5e-8530-43be-af69-bd498169ff2e,4
7a39053b-a6b7-4c06-9c4a-b8c222cdda0c,4
8253cf03-0780-49f1-8bb4-e92578a017af,4
bbd9aefd-b8d7-4131-a177-b25b9d867a52,4
d789bc72-a4e7-4483-b99f-1f0e84bae639,4
e0922193-e23d-409c-bcb0-e72820ed4773,4
e34fe9b6-6014-45ed-841e-07e8c592a008,4
3d609521-78bb-4fa9-a8cf-499755ab6377,5
51ddfd30-d8e3-4df7-905e-07065f2bd440,5
64e61684-0582-463e-920c-11e034e93658,5
650c4079-8bd5-460f-aa3e-935bfbc1d77b,5
81917ef3-f601-4d3d-b95f-e3acd11e086f,5
a0eccfc6-6ff8-4db8-b5e5-8e44991e97a2,5
d789bc72-a4e7-4483-b99f-1f0e84bae639,5
e404d1d1-9231-4327-a1a0-11669ba8573e,5
fa91265f-9d63-4d8a-9975-a0f6de059ae4,5
0855baa8-91fc-46ac-aebc-f8e8bf932f13,6
650c4079-8bd5-460f-aa3e-935bfbc1d77b,6
6981e319-fa39-487d-8911-305733591fce,6
7e8afdea-f328-491c-abb7-47e8bdcbf9b3,6
81917ef3-f601-4d3d-b95f-e3acd11e086f,6
9cd8e918-54bc-4511-a980-70a6443694d9,6
c477e098-eb1b-4183-951d-78d8140ebb25,6
d789bc72-a4e7-4483-b99f-1f0e84bae639,6
e34fe9b6-6014-45ed-841e-07e8c592a008,6
ec8a528a-d870-4c7e-a6ed-6250047aab53,6
1f82c7a7-35ec-4da0-84c2-b23f6f198f0a,7
2920ff55-ca14-4df0-bdd3-622d84f44e29,7
3d609521-78bb-4fa9-a8cf-499755ab6377,7
50f59a43-028f-445a-b92d-9e6976591233,7
550e8400-e29b-41d4-a716-446655440000,7
5c241ffb-6c82-490c-be3c-b55eaf5272ea,7
650c4079-8bd5-460f-aa3e-935bfbc1d77b,7
9cd8e918-54bc-4511-a980-70a6443694d9,7
eea4071b-1052-47da-8ef1-37bc30bce330,7
0855baa8-91fc-46ac-aebc-f8e8bf932f13,8
2920ff55-ca14-4df0-bdd3-622d84f44e29,8
3d609521-78bb-4fa9-a8cf-499755ab6377,8
550e8400-e29b-41d4-a716-446655440000,8
8382e45c-6e9c-432a-87d5-2b969a12b850,8
a0eccfc6-6ff8-4db8-b5e5-8e44991e97a2,8
bdfd3676-dba4-4883-8f09-0fee3d430e9c,8
e0922193-e23d-409c-bcb0-e72820ed4773,8
eea4071b-1052-47da-8ef1-37bc30bce330,8
f81974dd-92e8-47f1-b053-e38d2eba9854,8
fb3e230e-89d2-4690-a5ca-a8e81c9acb0c,8
2920ff55-ca14-4df0-bdd3-622d84f44e29,9
4da4c5b2-c60c-47e5-92ae-9672bdfa2e09,9
550e8400-e29b-41d4-a716-446655440000,9
67f4230b-871a-4204-81f7-a7ca5685f417,9
7a39053b-a6b7-4c06-9c4a-b8c222cdda0c,9
cefee4a8-c9c1-4e7f-8a9b-4fec6c53616a,9
e404d1d1-9231-4327-a1a0-11669ba8573e,9
534d0e43-d2da-49ff-a0ba-0b779645aa5a,10
7a39053b-a6b7-4c06-9c4a-b8c222cdda0c,10
9ecd4b04-e92a-4760-8e61-07504bfba5dc,10
d789bc72-a4e7-4483-b99f-1f0e84bae639,10
e404d1d1-9231-4327-a1a0-11669ba8573e,10
50f59a43-028f-445a-b92d-9e6976591233,11
5c241ffb-6c82-490c-be3c-b55eaf5272ea,11
64e61684-0582-463e-920c-11e034e93658,11
81917ef3-f601-4d3d-b95f-e3acd11e086f,11
b4b425bf-5839-4f52-80f2-045d2fa697df,11
bbd9aefd-b8d7-4131-a177-b25b9d867a52,11
dcf5afba-0960-449f-b967-9972af646ce2,11
eea4071b-1052-47da-8ef1-37bc30bce330,11
1113a0f8-93fe-48dd-a106-fcdf9c969903,12
650c4079-8bd5-460f-aa3e-935bfbc1d77b,12
8253cf03-0780-49f1-8bb4-e92578a017af,12
8382e45c-6e9c-432a-87d5-2b969a12b850,12
a0eccfc6-6ff8-4db8-b5e5-8e44991e97a2,12
c477e098-eb1b-4183-951d-78d8140ebb25,12
dcf5afba-0960-449f-b967-9972af646ce2,12
eea4071b-1052-47da-8ef1-37bc30bce330,12
4da4c5b2-c60c-47e5-92ae-9672bdfa2e09,13
534d0e43-d2da-49ff-a0ba-0b779645aa5a,13
68be4d9b-87f2-4c11-b151-a5f609cdbdd6,13
a0eccfc6-6ff8-4db8-b5e5-8e44991e97a2,13
3d609521-78bb-4fa9-a8cf-499755ab6377,14
50f59a43-028f-445a-b92d-9e6976591233,14
3dcd7a4a-7dc0-4ea8-9b42-f602f855ecc3,15
a0eccfc6-6ff8-4db8-b5e5-8e44991e97a2,15
dcf5afba-0960-449f-b967-9972af646ce2,15
2b1cd1b1-6630-42d5-b331-41502c753d81,16
50f59a43-028f-445a-b92d-9e6976591233,16
55e19c5e-8530-43be-af69-bd498169ff2e,16
cefee4a8-c9c1-4e7f-8a9b-4fec6c53616a,16
fa91265f-9d63-4d8a-9975-a0f6de059ae4,16
534d0e43-d2da-49ff-a0ba-0b779645aa5a,17
67f4230b-871a-4204-81f7-a7ca5685f417,17
d789bc72-a4e7-4483-b99f-1f0e84bae639,17
e34fe9b6-6014-45ed-841e-07e8c592a008,17
3a3a43e3-5c40-4aee-98a1-23297badbd76,18
67f4230b-871a-4204-81f7-a7ca5685f417,18
8253cf03-0780-49f1-8bb4-e92578a017af,18
cefee4a8-c9c1-4e7f-8a9b-4fec6c53616a,18
fa91265f-9d63-4d8a-9975-a0f6de059ae4,18
569dd9fa-798d-4876-8d61-4573fea4b01d,100
