0855baa8-91fc-46ac-aebc-f8e8bf932f13,Mateo,Castillo,+52 55 4236 8741,mateo.castillo@correo.mx,$2y$10$a/21xGLJfmAOr0mFmJFu6OFgm2Q210KflI997HpgHRIUPYKP70dBW,patient,male,1988-12-30 00:00:00.000000,2025-01-25 14:30:00.000000,2025-01-25 11:10:00.000000
1113a0f8-93fe-48dd-a106-fcdf9c969903,Adriana,Salazar,+51 912 334 552,adriana.salazar@uni.pe,$2y$10$iJ2L1qEBHKf170nMSNq8qOYGYG.qP9dPcbZPnEAx89tD1l7EQsqp2,system_admin,female,2007-07-09 00:00:00.000000,2025-08-20 19:55:00.000000,2025-08-20 16:50:00.000000
1f82c7a7-35ec-4da0-84c2-b23f6f198f0a,Laura,Bennett,+1 206 882 4432,laura.bennett@mail.com,$2y$10$5TVFVkoFq8d2Y1sqmR0Nfu54WWi0ukG9b6rcun7EFjeE7g.yh2fHa,patient,female,2002-07-17 00:00:00.000000,2025-06-01 12:35:00.000000,2025-06-01 09:30:00.000000
2920ff55-ca14-4df0-bdd3-622d84f44e29,Leonardo,Grau,987654321,leonardo.grau@gmail.com,$2a$11$wG8QokrK36UB3LICKgsCV.1B1ovQJDdiP2VgaQVryADq8BMJAWZKq,clinic_administrator,male,0001-01-01 00:00:00.000000,0001-01-01 00:00:00.000000,0001-01-01 00:00:00.000000
2b1cd1b1-6630-42d5-b331-41502c753d81,Laura,Jiménez,+34 699 832 472,laura.jimenezr@icloud.com,$2y$10$8tUdenioMeZQZ/H.2UAfl.kVPV7fhGYv7Xz2wmhCj55j/26AutZB6,patient,female,1992-08-10 00:00:00.000000,2025-02-12 17:00:00.000000,2025-02-12 13:45:00.000000
3a3a43e3-5c40-4aee-98a1-23297badbd76,Samuel,Johnson,+1 646 239 8877,samuel.johnson@mail.com,$2y$10$uOSRJqPp9EaE/c5hsQ.otejOGMKL3dzt98/v1cB2ixkSN1AF8KXUe,doctor,male,1991-03-28 00:00:00.000000,2025-03-23 19:40:00.000000,2025-03-23 16:30:00.000000
3d609521-78bb-4fa9-a8cf-499755ab6377,Ana,Torres,+34 655 721 098,ana.torres@uoc.es,$2y$10$sutWhV1sE1CvX.ByMbmBIuTRWeaxHHbt439Sc298jZ1t3g2BJn2oi,patient,female,2006-06-19 00:00:00.000000,2025-04-02 11:25:00.000000,2025-04-02 08:20:00.000000
3dcd7a4a-7dc0-4ea8-9b42-f602f855ecc3,Lucía,Ramírez,+51 987 546 322,lucia.ramirez@outlook.com,$2y$10$1TmSQ099ccQCIqqoB9pIGemaP./wlikv1pMIzClpzFxAnAVht3PEW,doctor,female,2002-11-20 00:00:00.000000,2025-01-10 18:50:00.000000,2025-01-10 14:45:00.000000
4da4c5b2-c60c-47e5-92ae-9672bdfa2e09,Isabella,Rossi,+39 331 222 5490,isabella.rossi@libero.it,$2y$10$ELQZ/VgP/Bil/MsaOE/57OEqhlJvKjfLjvKGc.RLTc968yTfhFEW2,patient,female,2004-12-02 00:00:00.000000,2025-03-18 13:55:00.000000,2025-03-18 10:50:00.000000
50f59a43-028f-445a-b92d-9e6976591233,Sofia,Herrera,+34 648 229 109,sofia.herrera@gmail.com,$2y$10$aik5/rEDqWhoUP5ohHB0LuKg51PWISOPMXgeLrSB0zP7GXTVuOGMu,system_admin,female,1993-12-21 00:00:00.000000,2025-05-06 16:45:00.000000,2025-05-06 13:40:00.000000
51ddfd30-d8e3-4df7-905e-07065f2bd440,Paul,Jones,987654321,paul.jones@gmail.com,$2a$11$yftwTgNYxcBXwH0iP8hZ/e.9idXm5IzaROGe8bbWRzyCLGjLX2RD.,doctor,male,0001-01-01 00:00:00.000000,0001-01-01 00:00:00.000000,0001-01-01 00:00:00.000000
534d0e43-d2da-49ff-a0ba-0b779645aa5a,John,Miller,+1 202 554 9812,john.miller@mail.com,$2y$10$W1dObsBr3w1fTqukEUZoW.973hzmUbMbB.U0KPyNarofNvBXrkD8W,patient,male,1995-07-08 00:00:00.000000,2025-01-05 16:45:00.000000,2025-01-05 12:30:00.000000
550e8400-e29b-41d4-a716-446655440000,John,Doe,987654321,john.doe@gmail.com,$2a$11$bDoFH6FHSfwlWj2UOR.dFu6iiKvCtYocOvU1r6FjW0hik7HaybOkq,clinic_administrator,male,0001-01-01 00:00:00.000000,0001-01-01 00:00:00.000000,0001-01-01 00:00:00.000000
55e19c5e-8530-43be-af69-bd498169ff2e,Andrés,Navarro,+593 98 422 1100,andres.navarro@proton.me,$2y$10$FhT.rb/sdIoDy4sTP93RYuvvSMFf17ThUI9Bp4NebDV1y50Fe8kz6,patient,male,1999-01-18 00:00:00.000000,2025-03-01 11:35:00.000000,2025-03-01 09:25:00.000000
569dd9fa-798d-4876-8d61-4573fea4b01d,Joao,Urrunaga,+51 987654321,joao.urrunaga@gmail.com,$2a$11$W5jDIPGt2scBs..BZ2DKWOAZk1mwEC7ZqUag57whsj2eS8W7BH7SK,system_admin,male,2002-01-01 00:00:00.000000,2025-11-14 08:13:32.955067,2025-11-14 08:13:32.955064
5c241ffb-6c82-490c-be3c-b55eaf5272ea,Gabriela,Díaz,+54 9 11 6324 8811,gabi.diaz@outlook.com,$2y$10$H0T4i8eIVxsSDwFO3KkRHeEf6r6Br1Ljq55dmCz3LLEdHFTKgf96u,patient,female,1990-12-25 00:00:00.000000,2025-06-07 17:50:00.000000,2025-06-07 14:45:00.000000
64e61684-0582-463e-920c-11e034e93658,Julia,Schmidt,+49 171 320 8765,julia.schmidt@yahoo.de,$2y$10$66X8FNr5gpmuKZrhr4iDo.Pdj8gi/5D9bb1173rM/lyess7Sbp5Xm,system_admin,female,2001-07-30 00:00:00.000000,2025-03-07 17:50:00.000000,2025-03-07 14:40:00.000000
650c4079-8bd5-460f-aa3e-935bfbc1d77b,Sebastián,Paredes,+51 965 441 278,sebastian.paredes@uni.pe,$2y$10$WCZsLRPiQGcHrJkJ14/8ouHyDgRe6e.w8M/2Z62OBdwd/Kmz35sa.,patient,male,1997-02-11 00:00:00.000000,2025-04-20 12:40:00.000000,2025-04-20 09:35:00.000000
67f4230b-871a-4204-81f7-a7ca5685f417,Emma,Brown,+1 415 990 7782,emma.brown@live.com,$2y$10$SnqSLlY9yCSNyzSMME7beOhfn7K1qYk/AtFd0mmOt3EqQ3K1/jdKq,doctor,female,1985-11-14 00:00:00.000000,2025-04-25 20:05:00.000000,2025-04-25 17:00:00.000000
68be4d9b-87f2-4c11-b151-a5f609cdbdd6,Leonardo,Cruz,+51 945 332 198,leonardo.cruz@uni.pe,$2y$10$gD1C1TIzHJz4hxfHUq8vR.Rh2GI.MdFlhMAWnOripD/a9XBOnPZvK,patient,male,1989-09-12 00:00:00.000000,2025-03-12 15:25:00.000000,2025-03-12 12:15:00.000000
6981e319-fa39-487d-8911-305733591fce,William,Clark,+1 718 622 7734,william.clark@mail.com,$2y$10$nPuvwR44qohomSccCTm5Y.mKH87i3/2E8xGgbYt6tZFLlWGWI8n2K,patient,male,1986-02-19 00:00:00.000000,2025-07-08 18:15:00.000000,2025-07-08 15:10:00.000000
7a39053b-a6b7-4c06-9c4a-b8c222cdda0c,Carla,Mendoza,+598 95 332 442,carla.mendoza@correo.uy,$2y$10$jy75u6hjNU48DPijnUPRlOMVzspO3oF/6voIwZHvam6ETr6Bb67hK,clinic_administrator,female,2003-10-20 00:00:00.000000,2025-07-26 20:20:00.000000,2025-07-26 17:15:00.000000
7e8afdea-f328-491c-abb7-47e8bdcbf9b3,Daniel,Thompson,+44 7911 123456,daniel.t@protonmail.com,$2y$10$8SXV16i9CksTmiqeJ5GEDezk410CiVkASdVPOFZiQPGIvzGcW71Hm,doctor,male,1990-05-15 00:00:00.000000,2025-01-15 11:10:00.000000,2025-01-15 09:00:00.000000
81917ef3-f601-4d3d-b95f-e3acd11e086f,Victoria,Cruz,+51 912 884 331,victoria.cruz@uni.pe,$2y$10$c6E2leDvNQeZ1BE32WlMzOvkDNY5CZQlS5fnZ9bIUlBWSXT3qrZau,patient,female,1996-04-06 00:00:00.000000,2025-05-18 19:25:00.000000,2025-05-18 16:20:00.000000
8253cf03-0780-49f1-8bb4-e92578a017af,Natalia,Ortega,+51 931 220 654,natalia.ortega@uni.pe,$2y$10$aXloOnatouz.oKiIa6IJIe9RbjZMFHUDVxwdEqJK2y6MiwrG9bGGi,patient,female,2001-11-03 00:00:00.000000,2025-07-02 11:45:00.000000,2025-07-02 08:40:00.000000
8382e45c-6e9c-432a-87d5-2b969a12b850,Sarah,O’Neill,+353 85 712 4433,sarah.oneill@gmail.com,$2y$10$rEJb5482j/oLWzAptZmuA.1lykyDnNdxayQ33CSFRA1KTO3SrtjfC,patient,female,1998-06-22 00:00:00.000000,2025-02-01 13:15:00.000000,2025-02-01 10:05:00.000000
9cd8e918-54bc-4511-a980-70a6443694d9,Oliver,Scott,+44 7700 903912,oliver.scott@proton.me,$2y$10$qGQDq30lI9X8HB3smwgUDe1PNvWVplXTUI/H/pERU9Qy/K7jqS.3e,patient,male,1991-12-01 00:00:00.000000,2025-08-02 13:45:00.000000,2025-08-02 10:40:00.000000
9ecd4b04-e92a-4760-8e61-07504bfba5dc,Rodrigo,Méndez,+52 55 7811 9021,rodrigo.mendez@mxmail.com,$2y$10$VMI0uIkp8GZ2X1qPi6uwWuY6MW.tFs4IqanVer.h1nalcgiek/Vc6,clinic_administrator,male,2008-08-03 00:00:00.000000,2025-05-01 13:20:00.000000,2025-05-01 10:15:00.000000
a0eccfc6-6ff8-4db8-b5e5-8e44991e97a2,Chloe,Martin,+33 6 82 33 44 90,chloe.martin@orange.fr,$2y$10$EUThAUNP3CQtm1bh/kePxua/1ED72ZUh0RYoo1IDrG58iHMLBKMkC,clinic_administrator,female,2007-05-22 00:00:00.000000,2025-04-14 18:15:00.000000,2025-04-14 15:10:00.000000
b4b425bf-5839-4f52-80f2-045d2fa697df,Kevin,Zhang,+86 139 1111 2290,kevin.zhang@qq.com,$2y$10$6/SRMjGyZ/QCTfX8.QY5n.xxEPx5n2gdfPA2fH3tB5PGU.j/Ut25S,patient,female,2005-03-11 00:00:00.000000,2025-06-13 15:10:00.000000,2025-06-13 12:05:00.000000
bbd9aefd-b8d7-4131-a177-b25b9d867a52,Camila,Vargas,+56 9 7432 5510,camila.vargas@gmail.com,$2y$10$nHwvI6cM5T/scEtYmPFeY.RYGCSjDfOuyefp.o61kC4wBJfwfmkhu,clinic_administrator,female,1986-11-05 00:00:00.000000,2025-02-23 19:20:00.000000,2025-02-23 16:10:00.000000
bdfd3676-dba4-4883-8f09-0fee3d430e9c,Diana,Flores,+52 55 7133 9020,diana.flores@mxmail.com,$2y$10$EOnsRse7sNewdsifEBDxaOZYYB075.szC8kUqXBkC7aW7BXOoKPpC,system_admin,female,2004-08-14 00:00:00.000000,2025-07-14 16:30:00.000000,2025-07-14 13:25:00.000000
c477e098-eb1b-4183-951d-78d8140ebb25,Henry,Lewis,+1 702 445 1180,henry.lewis@mail.com,$2y$10$ceHjKDwNAjVKttABorKtZuRNEx0whbcZ07.SUQKVpuHpuHRVjaXp2,patient,male,1994-03-30 00:00:00.000000,2025-08-14 11:35:00.000000,2025-08-14 08:30:00.000000
cea16fd7-9875-4e5e-af53-dcb42dc66b39,Ahmed,Hassan,+971 50 998 3344,ahmed.hassan@emirates.ae,$2y$10$5C6GbSyVxad3i3ZNClOCKeB9uU/aWdbqcuc0s9gsvnfKPOG5Kxrqu,patient,male,1992-05-07 00:00:00.000000,2025-07-20 12:00:00.000000,2025-07-20 09:55:00.000000
cefee4a8-c9c1-4e7f-8a9b-4fec6c53616a,Bruno,Fernández,+598 94 123 456,bruno.fernandez@correo.uy,$2y$10$QFJVT4DHqq429ALaKerdD.dA/B3CLzCqOneJZeepjTdQnROC6WRDS,patient,male,1994-10-08 00:00:00.000000,2025-04-08 14:50:00.000000,2025-04-08 11:45:00.000000
d789bc72-a4e7-4483-b99f-1f0e84bae639,María,López,+34 612458921,martina.vega@gmail.com,$2y$10$7fa9UrniA2uKS.fw49XqDe1y0/YXoWN/aBrDCXa2sLuwPuQYHIl9.,patient,female,1987-03-12 00:00:00.000000,2025-01-02 12:20:00.000000,2025-01-02 08:15:00.000000
dcf5afba-0960-449f-b967-9972af646ce2,Nathan,Jack,987654321,nathan@gmail.com,$2a$11$nC6pnSYRzq55YgIO3onIYOWHh0UZ8bIy5JTsD3peBjs7eo2pGGiQG,patient,male,1980-01-01 00:00:00.000000,2025-11-14 08:13:33.463181,2025-11-14 08:13:33.463178
e0922193-e23d-409c-bcb0-e72820ed4773,Lucas,Mendes,+55 21 99122 3344,lucas.mendes@brmail.com,$2y$10$EuWt9e3o/EMzyi8vh7PzjOWUfX6Le.ZWn8iUPm3moLWk8hMoO2r42,doctor,male,1999-09-28 00:00:00.000000,2025-06-25 13:25:00.000000,2025-06-25 10:20:00.000000
e34fe9b6-6014-45ed-841e-07e8c592a008,Martina,Vega,+54 9 261 442 3388,martina.vega@gmail.com,$2y$10$Kt.Si8pMcyYDaHg0eWnSh.YtYFBhkkD3Q1OUQ0cFbv7ILhfXOwcTy,patient,female,2006-01-23 00:00:00.000000,2025-08-08 17:10:00.000000,2025-08-08 14:05:00.000000
e404d1d1-9231-4327-a1a0-11669ba8573e,Jacob,Anderson,+1 917 455 9981,jacob.anderson@outlook.com,$2y$10$QRH1tk8pHNWrjCKyCifC..GoExuODEGBOjMxz1MeQIe7zq3vMFG0e,patient,male,2009-01-15 00:00:00.000000,2025-05-12 11:55:00.000000,2025-05-12 08:50:00.000000
ec8a528a-d870-4c7e-a6ed-6250047aab53,Ethan,Williams,+1 310 842 9912,ethan.w@outlook.com,$2y$10$DQunuZ43MzvFO7/0.AKe/.pEwwwybvqKgWF/28AyJCpAJSmbq0S.K,doctor,male,2003-04-25 00:00:00.000000,2025-02-18 12:05:00.000000,2025-02-18 08:50:00.000000
eea4071b-1052-47da-8ef1-37bc30bce330,Paula,Aguilar,+34 678 443 211,paula.aguilar@uoc.es,$2y$10$3o2mDv5801tu.weW./pIGuzUY9DAoI4BTS4k5msrOKf8ZvKCZjR2S,doctor,female,1988-06-05 00:00:00.000000,2025-06-19 19:55:00.000000,2025-06-19 16:50:00.000000
f81974dd-92e8-47f1-b053-e38d2eba9854,Miguel,Rojas,+57 314 665 8721,miguel.rojas@hotmail.com,$2y$10$O1GMQNKnh5/8Vs6RlpqCBOzCBWBySZHHGpajEDJHDFVp8FDojHKMS,clinic_administrator,male,1987-09-30 00:00:00.000000,2025-05-23 14:15:00.000000,2025-05-23 11:10:00.000000
fa91265f-9d63-4d8a-9975-a0f6de059ae4,Diego,Morales,+57 311 889 2210,diegomorales@live.com,$2y$10$kAj8rwCM5tXJmMVT6dvc6.PxWfAuKg1tF56euCafFNjX2rgtJncQG,doctor,male,2005-02-14 00:00:00.000000,2025-02-06 18:40:00.000000,2025-02-06 15:30:00.000000
fb3e230e-89d2-4690-a5ca-a8e81c9acb0c,Valentina,García,+54 9 11 5678 4321,vale.garcia@hotmail.com,$2y$10$JOv7E0354RtYrXn/G1u3dON3Jg1gRoKTNQmPUMHTgaUScg6kB90ei,clinic_administrator,female,2000-09-01 00:00:00.000000,2025-01-20 19:25:00.000000,2025-01-20 17:20:00.000000
