1,20123456789,"Av. Larco 123, Miraflores, Lima",Clínica Miraflores,550e8400-e29b-41d4-a716-446655440000
2,20123456790,"Jr. Pumacahua 456, San Isidro, Lima",Laboratorio VitalLab,550e8400-e29b-41d4-a716-446655440000
3,20123456791,"Av. México 789, La Victoria, Lima",Hospital La Victoria,550e8400-e29b-41d4-a716-446655440000
4,28802480371,"Av. Arequipa 2356, Lima",Clínica San Rafael,2920ff55-ca14-4df0-bdd3-622d84f44e29
5,17786459424,"Av. Alfredo Mendiola 7850, Los Olivos, Lima",Centro Médico Los Olivos,550e8400-e29b-41d4-a716-446655440000
6,19148545285,"Av. José Pardo 832, Miraflores, Lima",Clínica Vida Plena,fb3e230e-89d2-4690-a5ca-a8e81c9acb0c
7,76959467255,"Av. Primavera 1109, Surco, Lima",Centro Médico Primavera,bbd9aefd-b8d7-4131-a177-b25b9d867a52
8,21480375135,"Av. Javier Prado Este 5050, La Molina, Lima",Clínica Santo Benito,a0eccfc6-6ff8-4db8-b5e5-8e44991e97a2
9,69719836635,"Av. Angamos Oeste 654, Miraflores, Lima",Centro Médico Pacífico,9ecd4b04-e92a-4760-8e61-07504bfba5dc
10,46845343035,"Av. La Marina 1345, Callao, Callao",Clínica San Pedro,f81974dd-92e8-47f1-b053-e38d2eba9854
11,50053874519,"Av. Arenales 1755, Lima, Lima",Clínica Santa Rosa,7a39053b-a6b7-4c06-9c4a-b8c222cdda0c
12,69699864650,"Av. Venezuela 3300, Lima, Lima",Clínica del Sur,f81974dd-92e8-47f1-b053-e38d2eba9854
13,28002052621,"Av. San Borja Norte 1515, San Borja, Lima",Clínica Monteverde,bbd9aefd-b8d7-4131-a177-b25b9d867a52
14,19857316903,"Av. Universitaria 1005, San Miguel, Lima",Centro Médico San Pablo,7a39053b-a6b7-4c06-9c4a-b8c222cdda0c
15,32835752880,"Av. Guardia Civil 780, Chorrillos, Lima",Clínica Los Andes,fb3e230e-89d2-4690-a5ca-a8e81c9acb0c
16,51639086599,"Av. Caminos del Inca 980, Surco, Lima",Clínica Médica Integral,f81974dd-92e8-47f1-b053-e38d2eba9854
17,82149362385,"Av. La Molina 145, Ate, Lima",Clínica Valle Verde,f81974dd-92e8-47f1-b053-e38d2eba9854
18,13275456740,"Av. Los Fresnos 440, San Juan de Lurigancho, Lima",Centro Médico Santa Elena,9ecd4b04-e92a-4760-8e61-07504bfba5dc
19,40067676461,"Av. Angamos Oeste 654, Miraflores, Lima",Clínica de Especialidades del Este,a0eccfc6-6ff8-4db8-b5e5-8e44991e97a2
20,84045411350,"Av. Arenales 1755, Santa Beatriz, Lima",Centro Médico Vida Natural,a0eccfc6-6ff8-4db8-b5e5-8e44991e97a2
21,52125336486,"Av. Venezuela 3300, Breña, Lima",Clínica San Rafael,a0eccfc6-6ff8-4db8-b5e5-8e44991e97a2
22,36224525489,"Av. Faucett 1305, Callao, Callao",Clínica Metropolitana,fb3e230e-89d2-4690-a5ca-a8e81c9acb0c
23,44850396298,"Av. Guardia Chalaca 720, Callao, Callao",Clínica del Sol,a0eccfc6-6ff8-4db8-b5e5-8e44991e97a2
24,34325430173,"Av. Los Héroes 520, San Juan de Miraflores, Lima",Clínica Sol Naciente,bbd9aefd-b8d7-4131-a177-b25b9d867a52
25,46314033624,"Av. Los Jardines 950, San Martín de Porres, Lima",Clínica Monte Sinaí,fb3e230e-89d2-4690-a5ca-a8e81c9acb0c
26,18631876794,"Av. Colonial 4500, Bellavista, Callao",Clínica Santa Inés,bbd9aefd-b8d7-4131-a177-b25b9d867a52
27,48985769274,"Av. José Pardo 832, Miraflores, Lima",Clínica del Norte,7a39053b-a6b7-4c06-9c4a-b8c222cdda0c
28,90523171640,"Av. Tomás Valle 1250, Los Olivos, Lima",Centro Médico Los Olivos,7a39053b-a6b7-4c06-9c4a-b8c222cdda0c
29,93081482227,"Av. Próceres de la Independencia 1980, San Juan de Lurigancho, Lima",Clínica María Auxiliadora,a0eccfc6-6ff8-4db8-b5e5-8e44991e97a2
30,27417119739,"Av. Javier Prado Oeste 2450, Magdalena del Mar, Lima",Clínica San Ignacio,bbd9aefd-b8d7-4131-a177-b25b9d867a52
31,59459272460,"Av. Dos de Mayo 1125, San Isidro, Lima",Clínica Bellavista,bbd9aefd-b8d7-4131-a177-b25b9d867a52
32,46734020114,"Av. Guardia Civil 780, Chorrillos, Lima",Clínica Central del Este,9ecd4b04-e92a-4760-8e61-07504bfba5dc
33,92559434762,"Av. Pacífico 1205, Ventanilla, Callao",Clínica Metropolitana del Norte,bbd9aefd-b8d7-4131-a177-b25b9d867a52
34,59550411110,"Av. Universitaria 3000, Comas, Lima",Clínica Las Palmeras,9ecd4b04-e92a-4760-8e61-07504bfba5dc
35,30707054449,"Av. Saenz Peña 220, Callao, Callao",Clínica Santa Elena,a0eccfc6-6ff8-4db8-b5e5-8e44991e97a2
36,44114843085,"Av. La Molina 145, Ate, Lima",Clínica Horizonte,a0eccfc6-6ff8-4db8-b5e5-8e44991e97a2
37,43621028842,"Av. Las Palmeras 1600, Los Olivos, Lima",Clínica San Fernando,f81974dd-92e8-47f1-b053-e38d2eba9854
38,77791802820,"Av. Colonial 2890, Callao, Callao",Clínica San Carlos,7a39053b-a6b7-4c06-9c4a-b8c222cdda0c
39,11205841884,"Av. Las Flores 850, San Juan de Lurigancho, Lima",Clínica del Niño Jesús,bbd9aefd-b8d7-4131-a177-b25b9d867a52
40,38480194995,"Av. Perú 3600, San Martín de Porres, Lima",Clínica San José Obrero,f81974dd-92e8-47f1-b053-e38d2eba9854
41,81704819678,"Av. La Marina 2500, Pueblo Libre, Lima",Clínica Virgen del Rosario,f81974dd-92e8-47f1-b053-e38d2eba9854
42,53143609626,"Av. Petit Thouars 5600, Miraflores, Lima",Clínica Vida Integral,9ecd4b04-e92a-4760-8e61-07504bfba5dc
43,86772304491,"Av. José Leal 745, Lince, Lima",Clínica Los Pinos,bbd9aefd-b8d7-4131-a177-b25b9d867a52
